year,AQI
2017,191.82798898655088
2018,110.8399173120917
2019,108.91496044761718
2020,59.87978142076503
