AQI_Bucket,AQI
Good,40.26845637583892
Moderate,136.6718767697361
Poor,245.66343042071196
Satisfactory,76.76568579766537
Severe,567.8863976083707
Very Poor,343.0042789901583
