year,AQI,City
2015,196.4675217316034,9
2016,189.1651929981267,10
2017,176.81542142597527,17
2018,180.81182125981042,18
2019,157.01904956464546,23
2020,116.08465472126777,26
